county,crop,production_value,measurement_unit,year
Embu,Pearl Millet (Production Quantity),6195.5,Tonnes,2023
Kitui,Pearl Millet (Production Quantity),5110.755,Tonnes,2017
Meru,Pearl Millet (Production Quantity),7672.12,Tonnes,2023
Samburu,Pearl Millet (Production Quantity),10.0,Tonnes,2023
Tharaka-Nithi,Pearl Millet (Production Quantity),7608.0,Tonnes,2023
Busia,Cowpea (Production Quantity),0.0,Tonnes,2012
Busia,Cowpea (Production Quantity),0.0,Tonnes,2013
Busia,Cowpea (Production Quantity),0.0,Tonnes,2014
Busia,Cowpea (Production Quantity),386.0,Tonnes,2015
Busia,Cowpea (Production Quantity),644.0,Tonnes,2016
Busia,Cowpea (Production Quantity),542.8,Tonnes,2017
Busia,Cowpea (Production Quantity),548.0,Tonnes,2018
Busia,Cowpea (Production Quantity),820.0,Tonnes,2019
Busia,Cowpea (Production Quantity),807.0,Tonnes,2020
Busia,Cowpea (Production Quantity),751.0,Tonnes,2021
Busia,Finger Millet (Production Quantity),2617.9,Tonnes,2022
Busia,Finger Millet (Production Quantity),2700.6,Tonnes,2023
Busia,Green Grams (Production Quantity),67.95,Tonnes,2012
Busia,Green Grams (Production Quantity),110.0,Tonnes,2013
Busia,Green Grams (Production Quantity),302.0,Tonnes,2014
Busia,Green Grams (Production Quantity),348.0,Tonnes,2015
Busia,Green Grams (Production Quantity),233.0,Tonnes,2016
Elgeyo Marakwet,Cassava (Production Quantity),2079.0,Tonnes,2023
Kajiado,Cassava (Production Quantity),82.0,Tonnes,2023
Kajiado,Cassava (Production Quantity),0.0,Tonnes,2021
Laikipia,Cassava (Production Quantity),142.0,Tonnes,2022
Lamu,Cassava (Production Quantity),84999.0,Tonnes,2023
Mombasa,Cassava (Production Quantity),2376.0,Tonnes,2023
Samburu,Cassava (Production Quantity),10.0,Tonnes,2016
Tharaka-Nithi,Cassava (Production Quantity),1304.0,Tonnes,2023
Trans-Nzoia,Cassava (Production Quantity),452.0,Tonnes,2023
Uasin Gishu,Cassava (Production Quantity),290.0,Tonnes,2022
Vihiga,Cassava (Production Quantity),460.0,Tonnes,2023
Bungoma,Cassava (Production Quantity),2774.6,Tonnes,2023
Busia,Green Grams (Production Quantity),299.94,Tonnes,2017
Busia,Green Grams (Production Quantity),254.5,Tonnes,2018
Busia,Green Grams (Production Quantity),146.4,Tonnes,2019
Busia,Green Grams (Production Quantity),97.22,Tonnes,2020
Busia,Green Grams (Production Quantity),89.88,Tonnes,2021
Busia,Green Grams (Production Quantity),107.08,Tonnes,2022
Busia,Maize (Production Quantity),55057.5,Tonnes,2012
Busia,Maize (Production Quantity),63229.5,Tonnes,2013
Busia,Maize (Production Quantity),72661.68,Tonnes,2014
Busia,Maize (Production Quantity),86526.0,Tonnes,2015
Busia,Maize (Production Quantity),36631.0,Tonnes,2016
Busia,Maize (Production Quantity),51483.0,Tonnes,2017
Busia,Maize (Production Quantity),53629.0,Tonnes,2018
Busia,Maize (Production Quantity),67445.0,Tonnes,2019
Busia,Maize (Production Quantity),69449.5,Tonnes,2020
Busia,Maize (Production Quantity),42028.0,Tonnes,2021
Busia,Maize (Production Quantity),64360.45,Tonnes,2022
Busia,Finger Millet (Production Quantity),2108.7,Tonnes,2012
Busia,Finger Millet (Production Quantity),4575.96,Tonnes,2013
Busia,Finger Millet (Production Quantity),6429.96,Tonnes,2014
Busia,Finger Millet (Production Quantity),2663.0,Tonnes,2015
Busia,Finger Millet (Production Quantity),2087.0,Tonnes,2016
Busia,Finger Millet (Production Quantity),2916.7,Tonnes,2017
Busia,Finger Millet (Production Quantity),2493.0,Tonnes,2018
Busia,Finger Millet (Production Quantity),2592.9,Tonnes,2019
Busia,Finger Millet (Production Quantity),2364.6,Tonnes,2020
Busia,Rice (Production Quantity),5858.0,Tonnes,2012
Busia,Rice (Production Quantity),4289.0,Tonnes,2013
Busia,Rice (Production Quantity),4600.0,Tonnes,2014
Busia,Rice (Production Quantity),4522.0,Tonnes,2015
Busia,Rice (Production Quantity),3632.0,Tonnes,2016
Busia,Rice (Production Quantity),3741.0,Tonnes,2017
Busia,Rice (Production Quantity),3741.0,Tonnes,2018
Busia,Rice (Production Quantity),3686.0,Tonnes,2019
Busia,Rice (Production Quantity),3492.0,Tonnes,2020
Elgeyo Marakwet,Cassava (Production Quantity),3814.0,Tonnes,2012
Elgeyo Marakwet,Cassava (Production Quantity),3719.0,Tonnes,2013
Busia,Rice (Production Quantity),5751.0,Tonnes,2021
Busia,Rice (Production Quantity),8831.0,Tonnes,2022
Busia,Rice (Production Quantity),9454.0,Tonnes,2023
Busia,Sunflower (Production Quantity),21.2,Tonnes,2022
Busia,Sunflower (Production Quantity),49.5,Tonnes,2023
Elgeyo Marakwet,Common Beans (Production Quantity),17841.69,Tonnes,2012
Elgeyo Marakwet,Common Beans (Production Quantity),13954.5,Tonnes,2013
Elgeyo Marakwet,Common Beans (Production Quantity),13964.0,Tonnes,2014
Elgeyo Marakwet,Common Beans (Production Quantity),16355.0,Tonnes,2015
Elgeyo Marakwet,Common Beans (Production Quantity),15271.0,Tonnes,2016
Elgeyo Marakwet,Common Beans (Production Quantity),12839.9,Tonnes,2017
Elgeyo Marakwet,Common Beans (Production Quantity),10284.85,Tonnes,2018
Elgeyo Marakwet,Common Beans (Production Quantity),8131.9,Tonnes,2019
Elgeyo Marakwet,Common Beans (Production Quantity),8856.0,Tonnes,2020
Elgeyo Marakwet,Common Beans (Production Quantity),7657.0,Tonnes,2021
Elgeyo Marakwet,Common Beans (Production Quantity),6356.25,Tonnes,2022
Elgeyo Marakwet,Cassava (Production Quantity),5570.0,Tonnes,2014
Elgeyo Marakwet,Cassava (Production Quantity),984.0,Tonnes,2015
Elgeyo Marakwet,Cassava (Production Quantity),887.0,Tonnes,2016
Elgeyo Marakwet,Cassava (Production Quantity),2817.0,Tonnes,2017
Elgeyo Marakwet,Cassava (Production Quantity),2856.7,Tonnes,2018
Elgeyo Marakwet,Cassava (Production Quantity),2657.0,Tonnes,2019
Elgeyo Marakwet,Cassava (Production Quantity),2357.0,Tonnes,2020
Elgeyo Marakwet,Cassava (Production Quantity),2130.0,Tonnes,2021
Elgeyo Marakwet,Cassava (Production Quantity),2107.5,Tonnes,2022
Elgeyo Marakwet,Cowpea (Production Quantity),450.18,Tonnes,2012
Elgeyo Marakwet,Cowpea (Production Quantity),139.23,Tonnes,2013
Elgeyo Marakwet,Cowpea (Production Quantity),131.31,Tonnes,2014
Elgeyo Marakwet,Cowpea (Production Quantity),156.0,Tonnes,2015
Elgeyo Marakwet,Cowpea (Production Quantity),110.0,Tonnes,2016
Elgeyo Marakwet,Cowpea (Production Quantity),167.3,Tonnes,2017
Elgeyo Marakwet,Cowpea (Production Quantity),100.7,Tonnes,2018
Elgeyo Marakwet,Cowpea (Production Quantity),65.6,Tonnes,2019
Elgeyo Marakwet,Cowpea (Production Quantity),71.8,Tonnes,2020
Elgeyo Marakwet,Cowpea (Production Quantity),86.1,Tonnes,2021
Elgeyo Marakwet,Cowpea (Production Quantity),72.0,Tonnes,2022
Elgeyo Marakwet,Finger Millet (Production Quantity),1859.6,Tonnes,2022
Elgeyo Marakwet,Finger Millet (Production Quantity),2996.0,Tonnes,2023
Elgeyo Marakwet,Green Grams (Production Quantity),589.77,Tonnes,2012
Elgeyo Marakwet,Green Grams (Production Quantity),490.68,Tonnes,2013
Elgeyo Marakwet,Green Grams (Production Quantity),318.6,Tonnes,2014
Elgeyo Marakwet,Green Grams (Production Quantity),622.0,Tonnes,2015
Elgeyo Marakwet,Green Grams (Production Quantity),632.0,Tonnes,2016
Elgeyo Marakwet,Green Grams (Production Quantity),345.5,Tonnes,2017
Elgeyo Marakwet,Green Grams (Production Quantity),280.07,Tonnes,2018
Elgeyo Marakwet,Green Grams (Production Quantity),287.2,Tonnes,2019
Elgeyo Marakwet,Green Grams (Production Quantity),320.0,Tonnes,2020
Elgeyo Marakwet,Green Grams (Production Quantity),253.5,Tonnes,2021
Elgeyo Marakwet,Green Grams (Production Quantity),196.0,Tonnes,2022
Elgeyo Marakwet,Green Grams (Production Quantity),412.8,Tonnes,2023
Elgeyo Marakwet,Irish Potatoes (Production Quantity),141460.0,Tonnes,2012
Elgeyo Marakwet,Irish Potatoes (Production Quantity),212558.0,Tonnes,2013
Elgeyo Marakwet,Irish Potatoes (Production Quantity),196305.0,Tonnes,2014
Elgeyo Marakwet,Irish Potatoes (Production Quantity),90400.0,Tonnes,2015
Elgeyo Marakwet,Irish Potatoes (Production Quantity),130891.0,Tonnes,2016
Elgeyo Marakwet,Irish Potatoes (Production Quantity),232136.0,Tonnes,2017
Elgeyo Marakwet,Irish Potatoes (Production Quantity),386986.0,Tonnes,2018
Elgeyo Marakwet,Irish Potatoes (Production Quantity),399276.0,Tonnes,2019
Elgeyo Marakwet,Irish Potatoes (Production Quantity),436657.0,Tonnes,2020
Elgeyo Marakwet,Irish Potatoes (Production Quantity),425964.0,Tonnes,2021
Elgeyo Marakwet,Irish Potatoes (Production Quantity),332425.0,Tonnes,2022
Elgeyo Marakwet,Maize (Production Quantity),95004.62,Tonnes,2012
Elgeyo Marakwet,Maize (Production Quantity),101335.77,Tonnes,2013
Elgeyo Marakwet,Maize (Production Quantity),103448.43,Tonnes,2014
Elgeyo Marakwet,Maize (Production Quantity),78020.0,Tonnes,2015
Elgeyo Marakwet,Maize (Production Quantity),75005.0,Tonnes,2016
Elgeyo Marakwet,Maize (Production Quantity),80823.15,Tonnes,2017
Elgeyo Marakwet,Maize (Production Quantity),92601.414,Tonnes,2018
Elgeyo Marakwet,Maize (Production Quantity),104486.9,Tonnes,2019
Elgeyo Marakwet,Maize (Production Quantity),87431.25,Tonnes,2020
Elgeyo Marakwet,Pigeon Peas (Production Quantity),5.0,Tonnes,2022
Elgeyo Marakwet,Pigeon Peas (Production Quantity),0.0,Tonnes,2023
Elgeyo Marakwet,Finger Millet (Production Quantity),2448.36,Tonnes,2012
Elgeyo Marakwet,Finger Millet (Production Quantity),1768.5,Tonnes,2013
Elgeyo Marakwet,Finger Millet (Production Quantity),1831.68,Tonnes,2014
Elgeyo Marakwet,Finger Millet (Production Quantity),1535.0,Tonnes,2015
Elgeyo Marakwet,Finger Millet (Production Quantity),1405.0,Tonnes,2016
Elgeyo Marakwet,Finger Millet (Production Quantity),2475.1,Tonnes,2017
Elgeyo Marakwet,Finger Millet (Production Quantity),3049.3,Tonnes,2018
Elgeyo Marakwet,Finger Millet (Production Quantity),3277.0,Tonnes,2019
Elgeyo Marakwet,Finger Millet (Production Quantity),1912.0,Tonnes,2020
Elgeyo Marakwet,Maize (Production Quantity),86007.0,Tonnes,2021
Elgeyo Marakwet,Maize (Production Quantity),72330.32,Tonnes,2022
Elgeyo Marakwet,Rice (Production Quantity),21.0,Tonnes,2012
Elgeyo Marakwet,Rice (Production Quantity),16.0,Tonnes,2013
Elgeyo Marakwet,Rice (Production Quantity),20.34,Tonnes,2014
Elgeyo Marakwet,Rice (Production Quantity),96.0,Tonnes,2015
Elgeyo Marakwet,Finger Millet (Production Quantity),2095.0,Tonnes,2021
Elgeyo Marakwet,Wheat (Production Quantity),283.2,Tonnes,2012
Elgeyo Marakwet,Wheat (Production Quantity),218.7,Tonnes,2013
Elgeyo Marakwet,Wheat (Production Quantity),284.0,Tonnes,2014
Elgeyo Marakwet,Wheat (Production Quantity),837.0,Tonnes,2015
Elgeyo Marakwet,Wheat (Production Quantity),849.0,Tonnes,2016
Elgeyo Marakwet,Wheat (Production Quantity),470.0,Tonnes,2017
Elgeyo Marakwet,Wheat (Production Quantity),1118.0,Tonnes,2018
Elgeyo Marakwet,Wheat (Production Quantity),612.0,Tonnes,2019
Elgeyo Marakwet,Wheat (Production Quantity),496.0,Tonnes,2020
Elgeyo Marakwet,Wheat (Production Quantity),560.0,Tonnes,2021
Elgeyo Marakwet,Wheat (Production Quantity),373.5,Tonnes,2022
Elgeyo Marakwet,Wheat (Production Quantity),500.0,Tonnes,2023
Elgeyo Marakwet,Rice (Production Quantity),63.0,Tonnes,2016
Elgeyo Marakwet,Rice (Production Quantity),3.0,Tonnes,2017
Embu,Common Beans (Production Quantity),15270.3,Tonnes,2012
Embu,Common Beans (Production Quantity),21274.65,Tonnes,2013
Embu,Common Beans (Production Quantity),16297.0,Tonnes,2014
Embu,Common Beans (Production Quantity),27288.0,Tonnes,2015
Embu,Common Beans (Production Quantity),8852.0,Tonnes,2016
Embu,Cassava (Production Quantity),6234.0,Tonnes,2012
Embu,Cassava (Production Quantity),4707.0,Tonnes,2013
Embu,Cassava (Production Quantity),5245.0,Tonnes,2014
Embu,Cassava (Production Quantity),5584.0,Tonnes,2015
Embu,Cassava (Production Quantity),4718.0,Tonnes,2016
Embu,Cassava (Production Quantity),2869.0,Tonnes,2017
Embu,Cassava (Production Quantity),6340.0,Tonnes,2018
Embu,Cassava (Production Quantity),4760.0,Tonnes,2019
Embu,Cassava (Production Quantity),2680.0,Tonnes,2020
Embu,Cassava (Production Quantity),2662.0,Tonnes,2021
Embu,Cassava (Production Quantity),2274.0,Tonnes,2022
Embu,Cassava (Production Quantity),1647.0,Tonnes,2023
Embu,Common Beans (Production Quantity),13052.25,Tonnes,2017
Embu,Common Beans (Production Quantity),11719.512,Tonnes,2018
Embu,Common Beans (Production Quantity),13887.78,Tonnes,2019
Embu,Common Beans (Production Quantity),14142.5,Tonnes,2020
Embu,Common Beans (Production Quantity),13840.5,Tonnes,2021
Embu,Common Beans (Production Quantity),18151.0,Tonnes,2022
Embu,Pearl Millet (Production Quantity),942.4,Tonnes,2022
Embu,Pearl Millet (Production Quantity),3361.0,Tonnes,2023
Embu,Cowpea (Production Quantity),7352.01,Tonnes,2012
Embu,Cowpea (Production Quantity),6123.87,Tonnes,2013
Embu,Cowpea (Production Quantity),9404.1,Tonnes,2014
Embu,Cowpea (Production Quantity),10631.0,Tonnes,2015
Embu,Cowpea (Production Quantity),6973.0,Tonnes,2016
Embu,Cowpea (Production Quantity),5271.48,Tonnes,2017
Embu,Cowpea (Production Quantity),6058.901,Tonnes,2018
Embu,Cowpea (Production Quantity),4967.021,Tonnes,2019
Embu,Cowpea (Production Quantity),5406.87,Tonnes,2020
Embu,Cowpea (Production Quantity),2433.27,Tonnes,2021
Embu,Cowpea (Production Quantity),3721.75,Tonnes,2022
Embu,Green Grams (Production Quantity),4480.47,Tonnes,2012
Embu,Green Grams (Production Quantity),6863.76,Tonnes,2013
Embu,Green Grams (Production Quantity),10634.49,Tonnes,2014
Embu,Green Grams (Production Quantity),6954.0,Tonnes,2015
Embu,Green Grams (Production Quantity),9822.0,Tonnes,2016
Embu,Green Grams (Production Quantity),6441.93,Tonnes,2017
Embu,Green Grams (Production Quantity),7490.99,Tonnes,2018
Embu,Green Grams (Production Quantity),5621.76,Tonnes,2019
Embu,Green Grams (Production Quantity),7551.91,Tonnes,2020
Embu,Green Grams (Production Quantity),4634.01,Tonnes,2021
Embu,Green Grams (Production Quantity),4710.01,Tonnes,2022
Embu,Irish Potatoes (Production Quantity),2313.0,Tonnes,2012
Embu,Irish Potatoes (Production Quantity),1863.0,Tonnes,2013
Embu,Irish Potatoes (Production Quantity),1755.0,Tonnes,2014
Embu,Irish Potatoes (Production Quantity),2480.0,Tonnes,2015
Embu,Irish Potatoes (Production Quantity),2710.0,Tonnes,2016
Embu,Irish Potatoes (Production Quantity),4875.0,Tonnes,2017
Embu,Irish Potatoes (Production Quantity),4790.0,Tonnes,2018
Embu,Irish Potatoes (Production Quantity),2270.0,Tonnes,2019
Embu,Irish Potatoes (Production Quantity),1995.0,Tonnes,2020
Embu,Irish Potatoes (Production Quantity),2057.0,Tonnes,2021
Embu,Irish Potatoes (Production Quantity),1478.0,Tonnes,2022
Embu,Pearl Millet (Production Quantity),4497.75,Tonnes,2012
Embu,Pearl Millet (Production Quantity),3195.72,Tonnes,2013
Embu,Pearl Millet (Production Quantity),2423.16,Tonnes,2014
Embu,Pearl Millet (Production Quantity),2934.0,Tonnes,2015
Embu,Pearl Millet (Production Quantity),1998.4,Tonnes,2016
Embu,Pearl Millet (Production Quantity),1839.54,Tonnes,2017
Embu,Pearl Millet (Production Quantity),3863.01,Tonnes,2018
Embu,Maize (Production Quantity),47558.25,Tonnes,2012
Embu,Maize (Production Quantity),35104.86,Tonnes,2013
Embu,Maize (Production Quantity),26610.93,Tonnes,2014
Embu,Maize (Production Quantity),49156.0,Tonnes,2015
Embu,Maize (Production Quantity),16104.0,Tonnes,2016
Embu,Maize (Production Quantity),28378.0,Tonnes,2017
Embu,Maize (Production Quantity),32113.19,Tonnes,2018
Embu,Maize (Production Quantity),28367.6,Tonnes,2019
Embu,Maize (Production Quantity),34650.375,Tonnes,2020
Embu,Maize (Production Quantity),31378.0,Tonnes,2021
Embu,Maize (Production Quantity),10077.0,Tonnes,2022
Embu,Pearl Millet (Production Quantity),3135.31,Tonnes,2019
Embu,Pearl Millet (Production Quantity),2546.8,Tonnes,2020
Embu,Pearl Millet (Production Quantity),480.8,Tonnes,2021
Embu,Pearl Millet (Production Quantity),810.0,Tonnes,2022
Embu,Pigeon Peas (Production Quantity),670.7,Tonnes,2022
Embu,Pigeon Peas (Production Quantity),141.0,Tonnes,2023
Embu,Rice (Production Quantity),223.2,Tonnes,2012
Embu,Rice (Production Quantity),10.0,Tonnes,2013
Embu,Rice (Production Quantity),5.0,Tonnes,2014
Embu,Rice (Production Quantity),0.0,Tonnes,2015
Embu,Rice (Production Quantity),0.0,Tonnes,2016
Embu,Rice (Production Quantity),0.0,Tonnes,2017
Embu,Rice (Production Quantity),0.0,Tonnes,2018
Embu,Rice (Production Quantity),0.0,Tonnes,2019
Embu,Rice (Production Quantity),0.0,Tonnes,2020
Embu,Rice (Production Quantity),0.0,Tonnes,2021
Embu,Sunflower (Production Quantity),40.0,Tonnes,2022
Embu,Sunflower (Production Quantity),91.0,Tonnes,2023
Garrisa,Cowpea (Production Quantity),229.05,Tonnes,2012
Garrisa,Cowpea (Production Quantity),65.97,Tonnes,2013
Garrisa,Cowpea (Production Quantity),53.01,Tonnes,2014
Garrisa,Cowpea (Production Quantity),26.0,Tonnes,2015
Garrisa,Cowpea (Production Quantity),52.0,Tonnes,2016
Garrisa,Cowpea (Production Quantity),60.66,Tonnes,2017
Garrisa,Cowpea (Production Quantity),46.0,Tonnes,2018
Garrisa,Cowpea (Production Quantity),60.66,Tonnes,2019
Garrisa,Cowpea (Production Quantity),117.0,Tonnes,2020
Garrisa,Cowpea (Production Quantity),87.0,Tonnes,2021
Garrisa,Cowpea (Production Quantity),66.0,Tonnes,2022
Garrisa,Cowpea (Production Quantity),25.0,Tonnes,2023
Garrisa,Finger Millet (Production Quantity),0.0,Tonnes,2023
Garrisa,Green Grams (Production Quantity),194.22,Tonnes,2012
Garrisa,Green Grams (Production Quantity),65.97,Tonnes,2013
Garrisa,Green Grams (Production Quantity),53.00001,Tonnes,2014
Garrisa,Green Grams (Production Quantity),102.0,Tonnes,2015
Garrisa,Green Grams (Production Quantity),57.0,Tonnes,2016
Garrisa,Green Grams (Production Quantity),61.06,Tonnes,2017
Garrisa,Green Grams (Production Quantity),26.5,Tonnes,2018
Garrisa,Green Grams (Production Quantity),61.06,Tonnes,2019
Garrisa,Green Grams (Production Quantity),27.0,Tonnes,2020
Garrisa,Green Grams (Production Quantity),36.5,Tonnes,2021
Garrisa,Green Grams (Production Quantity),23.0,Tonnes,2022
Garrisa,Green Grams (Production Quantity),34.0,Tonnes,2023
Garrisa,Irish Potatoes (Production Quantity),0.0,Tonnes,2023
Garrisa,Maize (Production Quantity),415.35,Tonnes,2012
Garrisa,Maize (Production Quantity),198.72,Tonnes,2013
Garrisa,Maize (Production Quantity),198.72,Tonnes,2014
Garrisa,Maize (Production Quantity),216.0,Tonnes,2015
Garrisa,Maize (Production Quantity),152.0,Tonnes,2016
Garrisa,Maize (Production Quantity),167.9,Tonnes,2017
Garrisa,Maize (Production Quantity),119.0,Tonnes,2018
Garrisa,Maize (Production Quantity),109.1,Tonnes,2019
Garrisa,Maize (Production Quantity),296.0,Tonnes,2020
Garrisa,Maize (Production Quantity),71.0,Tonnes,2021
Garrisa,Maize (Production Quantity),70.0,Tonnes,2022
Garrisa,Maize (Production Quantity),132.0252,Tonnes,2023
Garrisa,Pearl Millet (Production Quantity),0.0,Tonnes,2023
Garrisa,Pigeon Peas (Production Quantity),0.0,Tonnes,2023
Garrisa,Rice (Production Quantity),252.0,Tonnes,2012
Garrisa,Rice (Production Quantity),23.0,Tonnes,2013
Garrisa,Rice (Production Quantity),34.0,Tonnes,2014
Garrisa,Rice (Production Quantity),161.0,Tonnes,2015
Garrisa,Rice (Production Quantity),175.0,Tonnes,2016
Garrisa,Rice (Production Quantity),162.0,Tonnes,2017
Garrisa,Rice (Production Quantity),0.0,Tonnes,2018
Garrisa,Rice (Production Quantity),12.33,Tonnes,2019
Garrisa,Rice (Production Quantity),29.0,Tonnes,2020
Garrisa,Rice (Production Quantity),17.0,Tonnes,2021
Garrisa,Rice (Production Quantity),1038.0,Tonnes,2023
Garrisa,Sunflower (Production Quantity),0.0,Tonnes,2023
Homabay,Common Beans (Production Quantity),21242.7,Tonnes,2012
Homabay,Common Beans (Production Quantity),20931.93,Tonnes,2013
Homabay,Common Beans (Production Quantity),29453.0,Tonnes,2014
Homabay,Common Beans (Production Quantity),31733.0,Tonnes,2015
Homabay,Common Beans (Production Quantity),29113.0,Tonnes,2016
Homabay,Cassava (Production Quantity),34200.0,Tonnes,2012
Homabay,Cassava (Production Quantity),85307.0,Tonnes,2013
Homabay,Cassava (Production Quantity),76310.0,Tonnes,2014
Homabay,Cassava (Production Quantity),31671.0,Tonnes,2015
Homabay,Cassava (Production Quantity),31147.0,Tonnes,2016
Homabay,Cassava (Production Quantity),73805.0,Tonnes,2017
Homabay,Cassava (Production Quantity),125885.2,Tonnes,2018
Homabay,Cassava (Production Quantity),149243.0,Tonnes,2019
Homabay,Cassava (Production Quantity),142944.0,Tonnes,2020
Homabay,Cassava (Production Quantity),133577.31,Tonnes,2021
Homabay,Cassava (Production Quantity),205657.97,Tonnes,2022
Homabay,Cassava (Production Quantity),316707.0,Tonnes,2023
Homabay,Common Beans (Production Quantity),23457.3,Tonnes,2017
Homabay,Common Beans (Production Quantity),28945.44,Tonnes,2018
Homabay,Common Beans (Production Quantity),30772.95,Tonnes,2019
Homabay,Common Beans (Production Quantity),32849.93,Tonnes,2020
Homabay,Common Beans (Production Quantity),30431.16,Tonnes,2021
Homabay,Common Beans (Production Quantity),25436.0,Tonnes,2022
Homabay,Common Beans (Production Quantity),20308.0,Tonnes,2023
Homabay,Cowpea (Production Quantity),342.9,Tonnes,2012
Homabay,Cowpea (Production Quantity),187.65,Tonnes,2013
Homabay,Cowpea (Production Quantity),204.75,Tonnes,2014
Homabay,Cowpea (Production Quantity),380.0,Tonnes,2015
Homabay,Cowpea (Production Quantity),370.0,Tonnes,2016
Homabay,Cowpea (Production Quantity),494.55,Tonnes,2017
Homabay,Cowpea (Production Quantity),167.1,Tonnes,2018
Homabay,Cowpea (Production Quantity),803.5,Tonnes,2019
Homabay,Cowpea (Production Quantity),1457.97,Tonnes,2020
Homabay,Cowpea (Production Quantity),395.87,Tonnes,2021
Homabay,Cowpea (Production Quantity),664.14,Tonnes,2022
Homabay,Cowpea (Production Quantity),1377.5,Tonnes,2023
Homabay,Finger Millet (Production Quantity),2.0,Tonnes,2022
Homabay,Finger Millet (Production Quantity),2.0,Tonnes,2023
Homabay,Green Grams (Production Quantity),295.65,Tonnes,2012
Homabay,Green Grams (Production Quantity),549.0,Tonnes,2013
Homabay,Green Grams (Production Quantity),1280.529,Tonnes,2014
Homabay,Green Grams (Production Quantity),236.0,Tonnes,2015
Homabay,Green Grams (Production Quantity),236.0,Tonnes,2016
Homabay,Green Grams (Production Quantity),316.94,Tonnes,2017
Homabay,Green Grams (Production Quantity),553.945,Tonnes,2018
Homabay,Green Grams (Production Quantity),426.3,Tonnes,2019
Homabay,Green Grams (Production Quantity),517.99,Tonnes,2020
Homabay,Green Grams (Production Quantity),675.22,Tonnes,2021
Homabay,Green Grams (Production Quantity),574.38,Tonnes,2022
Homabay,Green Grams (Production Quantity),885.1,Tonnes,2023
Homabay,Irish Potatoes (Production Quantity),9.0,Tonnes,2022
Homabay,Irish Potatoes (Production Quantity),79.0,Tonnes,2023
Homabay,Maize (Production Quantity),104852.43,Tonnes,2012
Homabay,Maize (Production Quantity),110379.69,Tonnes,2013
Homabay,Maize (Production Quantity),124464.87,Tonnes,2014
Homabay,Maize (Production Quantity),137958.0,Tonnes,2015
Homabay,Maize (Production Quantity),71446.0,Tonnes,2016
Homabay,Maize (Production Quantity),93043.1,Tonnes,2017
Homabay,Maize (Production Quantity),100741.38,Tonnes,2018
Homabay,Maize (Production Quantity),102742.0,Tonnes,2019
Homabay,Maize (Production Quantity),92393.6,Tonnes,2020
Homabay,Maize (Production Quantity),82278.0,Tonnes,2021
Homabay,Pearl Millet (Production Quantity),0.0,Tonnes,2023
Garrisa,Sweet Potatoes (Production Quantity),0.0,Tonnes,2022
Homabay,Finger Millet (Production Quantity),81.45,Tonnes,2012
Homabay,Finger Millet (Production Quantity),91.0,Tonnes,2013
Homabay,Finger Millet (Production Quantity),95.08,Tonnes,2014
Homabay,Finger Millet (Production Quantity),56.0,Tonnes,2015
Homabay,Finger Millet (Production Quantity),56.0,Tonnes,2016
Homabay,Finger Millet (Production Quantity),13.68,Tonnes,2017
Homabay,Finger Millet (Production Quantity),16.0,Tonnes,2018
Homabay,Finger Millet (Production Quantity),44.0,Tonnes,2019
Homabay,Finger Millet (Production Quantity),16.5,Tonnes,2020
Homabay,Finger Millet (Production Quantity),2.0,Tonnes,2021
Homabay,Maize (Production Quantity),86658.0,Tonnes,2022
Homabay,Maize (Production Quantity),115634.6,Tonnes,2023
Homabay,Rice (Production Quantity),1302.0,Tonnes,2012
Homabay,Rice (Production Quantity),1502.0,Tonnes,2013
Homabay,Rice (Production Quantity),376.0,Tonnes,2014
Homabay,Rice (Production Quantity),410.0,Tonnes,2015
Homabay,Rice (Production Quantity),321.0,Tonnes,2016
Homabay,Rice (Production Quantity),312.0,Tonnes,2017
Homabay,Rice (Production Quantity),767.4,Tonnes,2018
Homabay,Rice (Production Quantity),744.8,Tonnes,2019
Homabay,Rice (Production Quantity),1976.0,Tonnes,2020
Homabay,Rice (Production Quantity),854.0,Tonnes,2021
Homabay,Rice (Production Quantity),1123.0,Tonnes,2022
Homabay,Rice (Production Quantity),2865.0,Tonnes,2023
Homabay,Sunflower (Production Quantity),53.0,Tonnes,2022
Homabay,Sunflower (Production Quantity),105.5,Tonnes,2023
Isiolo,Common Beans (Production Quantity),73.8,Tonnes,2012
Isiolo,Common Beans (Production Quantity),362.97,Tonnes,2013
Isiolo,Common Beans (Production Quantity),41.0,Tonnes,2014
Isiolo,Common Beans (Production Quantity),165.0,Tonnes,2015
Isiolo,Common Beans (Production Quantity),112.0,Tonnes,2016
Isiolo,Common Beans (Production Quantity),44.3,Tonnes,2018
Isiolo,Common Beans (Production Quantity),82.0,Tonnes,2019
Isiolo,Common Beans (Production Quantity),7.0,Tonnes,2020
Isiolo,Common Beans (Production Quantity),114.525,Tonnes,2021
Isiolo,Common Beans (Production Quantity),74.0,Tonnes,2022
Isiolo,Cassava (Production Quantity),0.0,Tonnes,2023
Isiolo,Cowpea (Production Quantity),23.4,Tonnes,2012
Isiolo,Cowpea (Production Quantity),61.0,Tonnes,2013
Isiolo,Cowpea (Production Quantity),47.97,Tonnes,2014
Isiolo,Common Beans (Production Quantity),42.0,Tonnes,2023
Isiolo,Cowpea (Production Quantity),40.0,Tonnes,2015
Isiolo,Cowpea (Production Quantity),44.0,Tonnes,2016
Isiolo,Cowpea (Production Quantity),15.34,Tonnes,2018
Isiolo,Cowpea (Production Quantity),134.5,Tonnes,2019
Isiolo,Cowpea (Production Quantity),0.9,Tonnes,2020
Isiolo,Cowpea (Production Quantity),31.86,Tonnes,2021
Isiolo,Cowpea (Production Quantity),10.125,Tonnes,2022
Isiolo,Cowpea (Production Quantity),8.0,Tonnes,2023
Isiolo,Green Grams (Production Quantity),40.5,Tonnes,2012
Isiolo,Green Grams (Production Quantity),41.04,Tonnes,2013
Isiolo,Green Grams (Production Quantity),32.292,Tonnes,2014
Isiolo,Green Grams (Production Quantity),77.0,Tonnes,2015
Isiolo,Green Grams (Production Quantity),18.0,Tonnes,2016
Isiolo,Cowpea (Production Quantity),0.0,Tonnes,2017
Isiolo,Green Grams (Production Quantity),17.97,Tonnes,2018
Isiolo,Green Grams (Production Quantity),44.0,Tonnes,2019
Isiolo,Green Grams (Production Quantity),8.5,Tonnes,2020
Isiolo,Green Grams (Production Quantity),17.01,Tonnes,2021
Isiolo,Green Grams (Production Quantity),18.45,Tonnes,2022
Isiolo,Green Grams (Production Quantity),27.0,Tonnes,2023
Isiolo,Maize (Production Quantity),1006.38,Tonnes,2012
Isiolo,Maize (Production Quantity),1072.8,Tonnes,2013
Isiolo,Maize (Production Quantity),656.82,Tonnes,2014
Isiolo,Maize (Production Quantity),1231.0,Tonnes,2015
Isiolo,Maize (Production Quantity),475.0,Tonnes,2016
Isiolo,Maize (Production Quantity),511.29,Tonnes,2017
Isiolo,Maize (Production Quantity),287.5,Tonnes,2018
Isiolo,Maize (Production Quantity),749.0,Tonnes,2019
Isiolo,Maize (Production Quantity),41.9,Tonnes,2020
Isiolo,Maize (Production Quantity),139.0,Tonnes,2021
Isiolo,Maize (Production Quantity),94.25,Tonnes,2022
Kajiado,Cassava (Production Quantity),37.0,Tonnes,2012
Kajiado,Common Beans (Production Quantity),3858.75,Tonnes,2012
Kajiado,Cassava (Production Quantity),19.0,Tonnes,2013
Kajiado,Cassava (Production Quantity),26.0,Tonnes,2014
Kajiado,Cassava (Production Quantity),73.0,Tonnes,2015
Kajiado,Cassava (Production Quantity),47.0,Tonnes,2016
Kajiado,Cassava (Production Quantity),29.0,Tonnes,2017
Kajiado,Common Beans (Production Quantity),20114.01,Tonnes,2013
Kajiado,Common Beans (Production Quantity),18943.0,Tonnes,2014
Kajiado,Common Beans (Production Quantity),30417.0,Tonnes,2015
Kajiado,Common Beans (Production Quantity),20281.0,Tonnes,2016
Kajiado,Common Beans (Production Quantity),19944.2,Tonnes,2017
Kajiado,Common Beans (Production Quantity),49489.0,Tonnes,2018
Kajiado,Common Beans (Production Quantity),32965.55,Tonnes,2019
Kajiado,Common Beans (Production Quantity),43845.7,Tonnes,2020
Kajiado,Common Beans (Production Quantity),1581.0,Tonnes,2021
Kajiado,Common Beans (Production Quantity),36757.35,Tonnes,2022
Kajiado,Common Beans (Production Quantity),42525.0,Tonnes,2023
Kajiado,Cassava (Production Quantity),23.0,Tonnes,2018
Kajiado,Cassava (Production Quantity),20.0,Tonnes,2019
Kajiado,Cassava (Production Quantity),20.0,Tonnes,2020
Kajiado,Cassava (Production Quantity),6.0,Tonnes,2022
Kajiado,Cowpea (Production Quantity),0.3,Tonnes,2012
Kajiado,Cowpea (Production Quantity),14.58,Tonnes,2013
Kajiado,Cowpea (Production Quantity),90.27,Tonnes,2014
Kajiado,Cowpea (Production Quantity),116.0,Tonnes,2015
Kajiado,Cowpea (Production Quantity),92.0,Tonnes,2016
Kajiado,Cowpea (Production Quantity),51.7,Tonnes,2017
Kajiado,Cowpea (Production Quantity),48.0,Tonnes,2018
Kajiado,Cowpea (Production Quantity),168.25,Tonnes,2019
Kajiado,Cowpea (Production Quantity),246.0,Tonnes,2020
Kajiado,Cowpea (Production Quantity),51.6,Tonnes,2021
Kajiado,Cowpea (Production Quantity),57.43,Tonnes,2022
Kajiado,Finger Millet (Production Quantity),15.0,Tonnes,2023
Kajiado,Green Grams (Production Quantity),11.97,Tonnes,2013
Kajiado,Green Grams (Production Quantity),16.00002,Tonnes,2014
Kajiado,Green Grams (Production Quantity),9.0,Tonnes,2015
Kajiado,Green Grams (Production Quantity),8.0,Tonnes,2016
Kajiado,Green Grams (Production Quantity),4.85,Tonnes,2017
Kajiado,Green Grams (Production Quantity),66.5,Tonnes,2018
Kajiado,Green Grams (Production Quantity),66.65,Tonnes,2019
Kajiado,Green Grams (Production Quantity),27.9,Tonnes,2020
Kajiado,Green Grams (Production Quantity),28.35,Tonnes,2021
Kajiado,Green Grams (Production Quantity),17.7,Tonnes,2022
Kajiado,Green Grams (Production Quantity),48.0,Tonnes,2023
